{
  "eslint.config.js": 1776426270.4141572,
  "vite.config.ts": 1776426270.464151,
  "src\\router.tsx": 1776426270.512491,
  "src\\routeTree.gen.ts": 1776426270.5006814,
  "src\\components\\auth\\AuthShell.tsx": 1776426270.5479205,
  "src\\components\\auth\\DoctorRegisterForm.tsx": 1776426270.5588932,
  "src\\components\\auth\\LoginForm.tsx": 1776426270.5712128,
  "src\\components\\auth\\RegisterForm.tsx": 1776426270.5841699,
  "src\\components\\common\\BrandLogo.tsx": 1776426270.601418,
  "src\\components\\common\\ClinicBanner.tsx": 1776426270.6123784,
  "src\\components\\common\\EmptyState.tsx": 1776426270.623848,
  "src\\components\\common\\PageHeader.tsx": 1776426270.635167,
  "src\\components\\common\\SectionHeader.tsx": 1776426270.643118,
  "src\\components\\common\\StatusBadge.tsx": 1776426270.6561897,
  "src\\components\\common\\UrgencyBadge.tsx": 1776426270.6694586,
  "src\\components\\layout\\DashboardLayout.tsx": 1776426270.691379,
  "src\\components\\notifications\\NotificationBell.tsx": 1776426270.713071,
  "src\\components\\patients\\AttachmentList.tsx": 1776426270.7334206,
  "src\\components\\patients\\EditPatientDialog.tsx": 1776426270.7448099,
  "src\\components\\patients\\FileDropzone.tsx": 1776426270.7554405,
  "src\\components\\profile\\PortfolioDisplay.tsx": 1776426270.7744305,
  "src\\components\\profile\\PortfolioEditor.tsx": 1776426270.7843976,
  "src\\components\\settings\\AccountTab.tsx": 1776426270.8019195,
  "src\\components\\settings\\NotificationsTab.tsx": 1776426270.8128824,
  "src\\components\\settings\\PracticeTab.tsx": 1776426270.8251045,
  "src\\components\\settings\\PrivacyTab.tsx": 1776426270.837017,
  "src\\components\\settings\\SecurityTab.tsx": 1776426270.8479805,
  "src\\components\\settings\\SettingsSection.tsx": 1776426270.8595133,
  "src\\components\\ui\\accordion.tsx": 1776426270.874925,
  "src\\components\\ui\\alert-dialog.tsx": 1776426270.8855097,
  "src\\components\\ui\\alert.tsx": 1776426270.8970306,
  "src\\components\\ui\\aspect-ratio.tsx": 1776426270.9098756,
  "src\\components\\ui\\avatar.tsx": 1776426270.9217753,
  "src\\components\\ui\\badge.tsx": 1776426270.9313846,
  "src\\components\\ui\\breadcrumb.tsx": 1776426270.9412565,
  "src\\components\\ui\\button.tsx": 1776426270.953796,
  "src\\components\\ui\\calendar.tsx": 1776426270.9672208,
  "src\\components\\ui\\card.tsx": 1776426270.9785142,
  "src\\components\\ui\\carousel.tsx": 1776426270.9920068,
  "src\\components\\ui\\chart.tsx": 1776426271.0032253,
  "src\\components\\ui\\checkbox.tsx": 1776426271.013354,
  "src\\components\\ui\\collapsible.tsx": 1776426271.025414,
  "src\\components\\ui\\command.tsx": 1776426271.037546,
  "src\\components\\ui\\context-menu.tsx": 1776426271.0506933,
  "src\\components\\ui\\dialog.tsx": 1776426271.0597796,
  "src\\components\\ui\\drawer.tsx": 1776426271.0739665,
  "src\\components\\ui\\dropdown-menu.tsx": 1776426271.085426,
  "src\\components\\ui\\form.tsx": 1776426271.0963895,
  "src\\components\\ui\\hover-card.tsx": 1776426271.1085596,
  "src\\components\\ui\\input-otp.tsx": 1776426271.121125,
  "src\\components\\ui\\input.tsx": 1776426271.1322992,
  "src\\components\\ui\\label.tsx": 1776426271.1430538,
  "src\\components\\ui\\menubar.tsx": 1776426271.1546948,
  "src\\components\\ui\\navigation-menu.tsx": 1776426271.1699474,
  "src\\components\\ui\\pagination.tsx": 1776426271.2043922,
  "src\\components\\ui\\popover.tsx": 1776426271.225716,
  "src\\components\\ui\\progress.tsx": 1776426271.2439437,
  "src\\components\\ui\\radio-group.tsx": 1776426271.2627976,
  "src\\components\\ui\\resizable.tsx": 1776426271.277108,
  "src\\components\\ui\\scroll-area.tsx": 1776426271.2907722,
  "src\\components\\ui\\select.tsx": 1776426271.303791,
  "src\\components\\ui\\separator.tsx": 1776426271.317925,
  "src\\components\\ui\\sheet.tsx": 1776426271.3292587,
  "src\\components\\ui\\sidebar.tsx": 1776426271.3428733,
  "src\\components\\ui\\skeleton.tsx": 1776426271.357624,
  "src\\components\\ui\\slider.tsx": 1776426271.3699222,
  "src\\components\\ui\\sonner.tsx": 1776426271.3826926,
  "src\\components\\ui\\switch.tsx": 1776426271.3953726,
  "src\\components\\ui\\table.tsx": 1776426271.409845,
  "src\\components\\ui\\tabs.tsx": 1776426271.425326,
  "src\\components\\ui\\textarea.tsx": 1776426271.4394681,
  "src\\components\\ui\\toggle-group.tsx": 1776426271.451652,
  "src\\components\\ui\\toggle.tsx": 1776426271.4652607,
  "src\\components\\ui\\tooltip.tsx": 1776426271.4796903,
  "src\\hooks\\use-mobile.tsx": 1776426271.4997191,
  "src\\hooks\\useAuth.ts": 1776426271.5126655,
  "src\\integrations\\supabase\\auth-middleware.ts": 1776426271.5355062,
  "src\\integrations\\supabase\\client.server.ts": 1776426271.5474308,
  "src\\integrations\\supabase\\client.ts": 1776426271.5609176,
  "src\\integrations\\supabase\\types.ts": 1776426271.5734859,
  "src\\lib\\brand.ts": 1776426271.5948787,
  "src\\lib\\conditions.ts": 1776426271.6061988,
  "src\\lib\\format.ts": 1776426271.6185298,
  "src\\lib\\storage.ts": 1776426271.6335547,
  "src\\lib\\utils.ts": 1776426271.6466773,
  "src\\routes\\affiliations.tsx": 1776426271.6777775,
  "src\\routes\\analytics.tsx": 1776426271.692179,
  "src\\routes\\appointments.tsx": 1776426271.7069376,
  "src\\routes\\billing.tsx": 1776426271.7219155,
  "src\\routes\\dashboard.tsx": 1776426271.7359776,
  "src\\routes\\doctors.$doctorId.tsx": 1776426271.7509859,
  "src\\routes\\doctors.tsx": 1776426271.7607424,
  "src\\routes\\emr.tsx": 1776426271.7757835,
  "src\\routes\\index.tsx": 1776426271.790408,
  "src\\routes\\inventory.tsx": 1776426271.8046267,
  "src\\routes\\login.tsx": 1776426271.8181696,
  "src\\routes\\messages.tsx": 1776426271.829345,
  "src\\routes\\patients.$patientId.tsx": 1776426271.8416922,
  "src\\routes\\patients.tsx": 1776426271.854517,
  "src\\routes\\profile.tsx": 1776426271.8705423,
  "src\\routes\\referrals.$referralId.tsx": 1776426271.8850236,
  "src\\routes\\referrals.new.tsx": 1776426271.8984652,
  "src\\routes\\referrals.tsx": 1776426271.910764,
  "src\\routes\\register.tsx": 1776426271.924136,
  "src\\routes\\settings.tsx": 1776426271.9368162,
  "src\\routes\\staff.tsx": 1776426271.9520776,
  "src\\routes\\__root.tsx": 1776426271.6676977,
  "supabase\\functions\\admin-create-doctor\\index.ts": 1776426271.9920251,
  "supabase\\functions\\register-clinic\\index.ts": 1776426272.0107844,
  "supabase\\functions\\register-doctor\\index.ts": 1776426272.03167,
  "supabase\\functions\\seed-demo\\index.ts": 1776426272.054714,
  "supabase\\functions\\seed-specialists\\index.ts": 1776426272.0756657
}